{
	"song": {
		"player1": "bf-behind",
		"events": [],
		"notes": [
			{
				"sectionNotes": [],
				"lengthInSteps": 16,
				"mustHitSection": false
			},
			{
				"sectionNotes": [],
				"lengthInSteps": 16,
				"mustHitSection": false
			},
			{
				"sectionNotes": [],
				"lengthInSteps": 16,
				"mustHitSection": false
			},
			{
				"sectionNotes": [],
				"lengthInSteps": 16,
				"mustHitSection": true
			},
			{
				"sectionNotes": [],
				"lengthInSteps": 16,
				"mustHitSection": true
			},
			{
				"sectionNotes": [],
				"lengthInSteps": 16,
				"mustHitSection": true
			},
			{
				"sectionNotes": [
					[
						8954.16666666667,
						0,
						166.666666666667
					],
					[
						9195.83333333333,
						2,
						0
					]
				],
				"lengthInSteps": 16,
				"mustHitSection": false
			},
			{
				"sectionNotes": [
					[
						9333.33333333333,
						0,
						0
					],
					[
						10166.6666666667,
						3,
						0
					],
					[
						10616.6666666667,
						2,
						0
					],
					[
						9485.41666666667,
						2,
						0
					],
					[
						9643.75,
						1,
						0
					],
					[
						10066.6666666667,
						1,
						0
					],
					[
						10125,
						0,
						0
					],
					[
						10250,
						2,
						0
					],
					[
						10333.3333333333,
						1,
						0
					],
					[
						10475,
						1,
						0
					],
					[
						9812.5,
						2,
						0
					],
					[
						9943.75,
						2,
						0
					]
				],
				"lengthInSteps": 16,
				"mustHitSection": false
			},
			{
				"sectionNotes": [
					[
						10750,
						2,
						0
					],
					[
						10916.6666666667,
						2,
						0
					],
					[
						11050,
						2,
						0
					],
					[
						11166.6666666667,
						0,
						166.666666666667
					],
					[
						11416.6666666667,
						2,
						166.666666666667
					],
					[
						11697.9166666667,
						3,
						166.666666666667
					],
					[
						11979.1666666667,
						1,
						250
					]
				],
				"lengthInSteps": 16,
				"mustHitSection": false
			},
			{
				"sectionNotes": [
					[
						12250,
						3,
						250
					],
					[
						12833.3333333333,
						1,
						166.666666666667
					],
					[
						13083.3333333333,
						3,
						166.666666666667
					],
					[
						12562.5,
						2,
						166.666666666667
					]
				],
				"lengthInSteps": 16,
				"mustHitSection": false
			},
			{
				"sectionNotes": [
					[
						13333.3333333333,
						0,
						250
					],
					[
						13666.6666666667,
						2,
						0
					],
					[
						13833.3333333333,
						0,
						0
					],
					[
						13962.5,
						2,
						0
					],
					[
						14083.3333333333,
						3,
						0
					],
					[
						14250,
						1,
						0
					],
					[
						14416.6666666667,
						1,
						0
					],
					[
						14500,
						2,
						0
					],
					[
						14583.3333333333,
						0,
						0
					]
				],
				"lengthInSteps": 16,
				"mustHitSection": true
			},
			{
				"sectionNotes": [
					[
						14666.667,
						2,
						0
					],
					[
						14750,
						3,
						0
					],
					[
						14833.3333333333,
						1,
						0
					],
					[
						14916.6666666667,
						1,
						0
					],
					[
						15231.25,
						2,
						0
					],
					[
						15381.25,
						2,
						0
					],
					[
						15539.5833333333,
						2,
						0
					],
					[
						15647.9166666667,
						0,
						166.666666666667
					],
					[
						15916.6666666667,
						3,
						166.666666666667
					],
					[
						15064.5833333333,
						2,
						0
					]
				],
				"lengthInSteps": 16,
				"mustHitSection": true
			},
			{
				"sectionNotes": [
					[
						16166.6666666667,
						1,
						166.666666666667
					],
					[
						16750,
						0,
						250
					],
					[
						17052.0833333333,
						3,
						166.666666666667
					],
					[
						17306.25,
						1,
						166.666666666667
					],
					[
						16454.1666666667,
						2,
						250
					]
				],
				"lengthInSteps": 16,
				"mustHitSection": true
			},
			{
				"sectionNotes": [
					[
						17556.25,
						6,
						250
					],
					[
						17872.9166666667,
						0,
						250
					],
					[
						18147.9166666667,
						2,
						166.666666666667
					],
					[
						18416.6666666667,
						0,
						0
					],
					[
						18562.5,
						1,
						0
					]
				],
				"lengthInSteps": 16,
				"mustHitSection": false
			},
			{
				"sectionNotes": [
					[
						18710.4166666667,
						3,
						0
					],
					[
						18833.3333333333,
						3,
						0
					],
					[
						18979.1666666667,
						0,
						0
					],
					[
						19118.75,
						2,
						0
					],
					[
						19250,
						1,
						0
					],
					[
						19416.6666666667,
						0,
						0
					],
					[
						19579.1666666667,
						3,
						0
					],
					[
						19714.5833333333,
						2,
						0
					],
					[
						19854.1666666667,
						2,
						0
					],
					[
						19962.5,
						0,
						0
					]
				],
				"lengthInSteps": 16,
				"mustHitSection": false
			},
			{
				"sectionNotes": [
					[
						20131.25,
						3,
						166.666666666667
					],
					[
						20372.9166666667,
						2,
						166.666666666667
					],
					[
						20666.6666666667,
						0,
						166.666666666667
					],
					[
						20916.6666666667,
						1,
						166.666666666667
					],
					[
						21166.6666666667,
						3,
						0
					]
				],
				"lengthInSteps": 16,
				"mustHitSection": false
			},
			{
				"sectionNotes": [
					[
						21333.3333333333,
						2,
						0
					],
					[
						21485.4166666667,
						3,
						0
					],
					[
						21643.75,
						2,
						0
					],
					[
						21781.25,
						1,
						0
					],
					[
						21916.6666666667,
						1,
						0
					],
					[
						22083.3333333333,
						3,
						0
					],
					[
						22214.5833333333,
						3,
						0
					],
					[
						22583.3333333333,
						6,
						166.666666666667
					],
					[
						22333.3333333333,
						4,
						166.666666666667
					]
				],
				"lengthInSteps": 16,
				"mustHitSection": false
			},
			{
				"sectionNotes": [
					[
						22877.0833333333,
						0,
						0
					],
					[
						23027.0833333333,
						1,
						0
					],
					[
						23166.6666666667,
						3,
						0
					],
					[
						23306.25,
						3,
						0
					],
					[
						23447.9166666667,
						2,
						0
					],
					[
						23583.3333333333,
						0,
						0
					],
					[
						23722.9166666667,
						1,
						0
					],
					[
						23856.25,
						0,
						0
					]
				],
				"lengthInSteps": 16,
				"mustHitSection": true
			},
			{
				"sectionNotes": [
					[
						24000,
						3,
						0
					],
					[
						24141.6666666667,
						1,
						166.666666666667
					],
					[
						24416.6666666667,
						2,
						0
					],
					[
						24547.9166666667,
						0,
						166.666666666667
					],
					[
						24833.3333333333,
						3,
						166.666666666667
					],
					[
						25118.75,
						1,
						166.666666666667
					]
				],
				"lengthInSteps": 16,
				"mustHitSection": true
			},
			{
				"sectionNotes": [
					[
						25393.75,
						2,
						166.666666666667
					],
					[
						25666.6666666667,
						0,
						0
					],
					[
						25814.5833333333,
						3,
						0
					],
					[
						25964.5833333333,
						0,
						0
					],
					[
						26083.3333333333,
						3,
						0
					],
					[
						26250,
						1,
						0
					],
					[
						26381.25,
						1,
						0
					],
					[
						26500,
						2,
						0
					],
					[
						26643.75,
						2,
						0
					]
				],
				"lengthInSteps": 16,
				"mustHitSection": true
			},
			{
				"sectionNotes": [
					[
						27916.6666666667,
						0,
						0
					],
					[
						26833.3333333333,
						3,
						416.666666666667
					],
					[
						27333.3333333333,
						3,
						416.666666666667
					]
				],
				"lengthInSteps": 16,
				"mustHitSection": false
			},
			{
				"sectionNotes": [
					[
						28041.6666666667,
						1,
						0
					],
					[
						28166.6666666667,
						3,
						0
					],
					[
						28333.3333333333,
						1,
						0
					],
					[
						28470.8333333333,
						2,
						0
					],
					[
						28606.25,
						2,
						0
					],
					[
						28750,
						0,
						0
					],
					[
						28900,
						2,
						0
					],
					[
						29047.9166666667,
						1,
						0
					],
					[
						29166.6666666667,
						3,
						0
					]
				],
				"lengthInSteps": 16,
				"mustHitSection": false
			},
			{
				"sectionNotes": [
					[
						29737.5,
						3,
						0
					],
					[
						29879.1666666667,
						1,
						0
					],
					[
						30035.4166666667,
						2,
						0
					],
					[
						29333.3333333333,
						1,
						0
					],
					[
						29450,
						3,
						0
					],
					[
						29583.3333333333,
						1,
						0
					],
					[
						30166.6666666667,
						0,
						166.666666666667
					],
					[
						30416.6666666667,
						2,
						166.666666666667
					]
				],
				"lengthInSteps": 16,
				"mustHitSection": false
			},
			{
				"sectionNotes": [
					[
						31000,
						7,
						166.666666666667
					],
					[
						31250,
						2,
						500
					],
					[
						31833.3333333333,
						2,
						416.666666666667
					],
					[
						30689.5833333333,
						5,
						166.666666666667
					]
				],
				"lengthInSteps": 16,
				"mustHitSection": true
			},
			{
				"sectionNotes": [
					[
						32333.3333333333,
						0,
						0
					],
					[
						32666.6666666667,
						3,
						0
					],
					[
						32833.3333333333,
						1,
						0
					],
					[
						32500,
						1,
						0
					],
					[
						32956.25,
						2,
						0
					],
					[
						33083.3333333333,
						2,
						0
					],
					[
						33229.1666666667,
						1,
						0
					]
				],
				"lengthInSteps": 16,
				"mustHitSection": true
			},
			{
				"sectionNotes": [
					[
						34060.4166666667,
						1,
						0
					],
					[
						33354.1666666667,
						0,
						0
					],
					[
						33500,
						1,
						0
					],
					[
						33629.1666666667,
						3,
						0
					],
					[
						33768.75,
						1,
						0
					],
					[
						33916.6666666667,
						3,
						0
					],
					[
						34220.8333333333,
						3,
						0
					],
					[
						34333.3333333333,
						1,
						0
					],
					[
						34452.0833333333,
						0,
						0
					],
					[
						34608.3333333333,
						2,
						250
					]
				],
				"lengthInSteps": 16,
				"mustHitSection": true
			},
			{
				"sectionNotes": [
					[
						34870.8333333333,
						0,
						166.666666666667
					],
					[
						35166.6666666667,
						1,
						166.666666666667
					],
					[
						35416.6666666667,
						3,
						166.666666666667
					],
					[
						35731.25,
						6,
						0
					],
					[
						35889.5833333333,
						5,
						0
					]
				],
				"lengthInSteps": 16,
				"mustHitSection": true
			},
			{
				"sectionNotes": [
					[
						36000,
						2,
						0
					],
					[
						36145.8333333333,
						1,
						0
					],
					[
						36289.5833333333,
						3,
						166.666666666667
					],
					[
						36568.75,
						0,
						166.666666666667
					],
					[
						36833.3333333333,
						2,
						166.666666666667
					],
					[
						37129.1666666667,
						1,
						166.666666666667
					]
				],
				"lengthInSteps": 16,
				"mustHitSection": false
			},
			{
				"sectionNotes": [
					[
						37416.6666666667,
						3,
						166.666666666667
					],
					[
						37666.6666666667,
						2,
						166.666666666667
					],
					[
						37964.5833333333,
						0,
						166.666666666667
					],
					[
						38231.25,
						1,
						166.666666666667
					],
					[
						38500,
						3,
						166.666666666667
					]
				],
				"lengthInSteps": 16,
				"mustHitSection": false
			},
			{
				"sectionNotes": [
					[
						38777.0833333333,
						2,
						166.666666666667
					],
					[
						39060.4166666667,
						0,
						166.666666666667
					],
					[
						39333.3333333333,
						3,
						166.666666666667
					],
					[
						39631.25,
						1,
						166.666666666667
					],
					[
						39916.6666666667,
						2,
						166.666666666667
					]
				],
				"lengthInSteps": 16,
				"mustHitSection": false
			},
			{
				"sectionNotes": [
					[
						40166.6666666667,
						2,
						0
					],
					[
						40316.6666666667,
						1,
						0
					],
					[
						40466.6666666667,
						2,
						0
					],
					[
						40625,
						1,
						0
					],
					[
						40750,
						3,
						166.666666666667
					],
					[
						41000,
						0,
						166.666666666667
					],
					[
						41285.4166666667,
						1,
						166.666666666667
					]
				],
				"lengthInSteps": 16,
				"mustHitSection": true
			},
			{
				"sectionNotes": [
					[
						41583.3333333333,
						3,
						166.666666666667
					],
					[
						41881.25,
						2,
						166.666666666667
					],
					[
						42166.6666666667,
						0,
						166.666666666667
					],
					[
						42416.6666666667,
						3,
						166.666666666667
					]
				],
				"lengthInSteps": 16,
				"mustHitSection": true
			},
			{
				"sectionNotes": [
					[
						42693.75,
						1,
						166.666666666667
					],
					[
						42972.9166666667,
						2,
						166.666666666667
					],
					[
						43250,
						0,
						166.666666666667
					],
					[
						43529.1666666667,
						3,
						166.666666666667
					],
					[
						43814.5833333333,
						2,
						166.666666666667
					]
				],
				"lengthInSteps": 16,
				"mustHitSection": true
			},
			{
				"sectionNotes": [
					[
						44083.3333333333,
						7,
						166.666666666667
					],
					[
						44372.9166666667,
						4,
						166.666666666667
					],
					[
						44639.5833333333,
						0,
						0
					],
					[
						44916.6666666667,
						0,
						0
					],
					[
						45208.3333333333,
						2,
						0
					]
				],
				"lengthInSteps": 16,
				"mustHitSection": false
			},
			{
				"sectionNotes": [
					[
						45470.8333333333,
						2,
						0
					],
					[
						45750,
						1,
						0
					],
					[
						45916.6666666667,
						3,
						0
					],
					[
						46045.8333333333,
						2,
						0
					],
					[
						46212.5,
						3,
						0
					],
					[
						46333.3333333333,
						0,
						0
					],
					[
						46583.3333333333,
						0,
						0
					]
				],
				"lengthInSteps": 16,
				"mustHitSection": false
			},
			{
				"sectionNotes": [
					[
						46879.1666666667,
						2,
						0
					],
					[
						47166.6666666667,
						1,
						0
					],
					[
						47416.6666666667,
						2,
						0
					],
					[
						47716.6666666667,
						1,
						0
					]
				],
				"lengthInSteps": 16,
				"mustHitSection": false
			},
			{
				"sectionNotes": [
					[
						48000,
						0,
						0
					],
					[
						48302.0833333334,
						3,
						0
					],
					[
						48416.6666666667,
						2,
						0
					],
					[
						48543.75,
						0,
						0
					],
					[
						48139.5833333334,
						1,
						0
					],
					[
						48708.3333333334,
						1,
						0
					],
					[
						49000,
						3,
						0
					],
					[
						48860.4166666667,
						3,
						0
					],
					[
						49083.3333333334,
						4,
						0
					]
				],
				"lengthInSteps": 16,
				"mustHitSection": false
			},
			{
				"sectionNotes": [
					[
						49375,
						0,
						0
					],
					[
						49666.6666666667,
						2,
						0
					],
					[
						49966.6666666667,
						2,
						0
					],
					[
						50218.75,
						1,
						0
					],
					[
						50354.1666666667,
						3,
						0
					],
					[
						50500,
						2,
						0
					],
					[
						50641.6666666667,
						3,
						0
					]
				],
				"lengthInSteps": 16,
				"mustHitSection": true
			},
			{
				"sectionNotes": [
					[
						50791.6666666667,
						0,
						0
					],
					[
						51083.3333333334,
						0,
						0
					],
					[
						51333.3333333334,
						2,
						0
					],
					[
						51627.0833333334,
						1,
						0
					],
					[
						51887.5,
						2,
						0
					]
				],
				"lengthInSteps": 16,
				"mustHitSection": true
			},
			{
				"sectionNotes": [
					[
						52166.6666666667,
						1,
						0
					],
					[
						52464.5833333334,
						0,
						0
					],
					[
						52625,
						1,
						0
					],
					[
						52750,
						3,
						0
					],
					[
						52887.5,
						2,
						0
					],
					[
						53041.6666666667,
						0,
						0
					],
					[
						53166.6666666667,
						1,
						0
					],
					[
						53302.0833333334,
						3,
						0
					]
				],
				"lengthInSteps": 16,
				"mustHitSection": true
			},
			{
				"sectionNotes": [
					[
						53416.6666666667,
						7,
						0
					],
					[
						53583.3333333334,
						1,
						0
					],
					[
						53833.3333333334,
						1,
						0
					],
					[
						54160.4166666667,
						3,
						0
					],
					[
						54416.6666666667,
						3,
						0
					]
				],
				"lengthInSteps": 16,
				"mustHitSection": false
			},
			{
				"sectionNotes": [
					[
						54714.5833333334,
						0,
						0
					],
					[
						54970.8333333334,
						0,
						0
					],
					[
						55250,
						2,
						0
					],
					[
						55500,
						2,
						0
					],
					[
						55952.0833333334,
						0,
						0
					],
					[
						55814.5833333334,
						3,
						0
					]
				],
				"lengthInSteps": 16,
				"mustHitSection": false
			},
			{
				"sectionNotes": [
					[
						56083.3333333334,
						3,
						0
					],
					[
						56233.3333333334,
						0,
						0
					],
					[
						56500,
						2,
						0
					],
					[
						56833.3333333334,
						3,
						0
					],
					[
						56666.6666666667,
						0,
						0
					],
					[
						56952.0833333334,
						2,
						166.666666666667
					],
					[
						57214.5833333334,
						0,
						166.666666666667
					],
					[
						56368.75,
						1,
						0
					]
				],
				"lengthInSteps": 16,
				"mustHitSection": false
			},
			{
				"sectionNotes": [
					[
						57500,
						3,
						166.666666666667
					],
					[
						57750,
						1,
						166.666666666667
					],
					[
						58052.0833333334,
						5,
						0
					],
					[
						58306.25,
						5,
						0
					],
					[
						58618.75,
						2,
						0
					]
				],
				"lengthInSteps": 16,
				"mustHitSection": false
			},
			{
				"sectionNotes": [
					[
						58868.75,
						2,
						0
					],
					[
						59147.9166666667,
						0,
						0
					],
					[
						59452.0833333334,
						0,
						0
					],
					[
						59720.8333333334,
						3,
						0
					]
				],
				"lengthInSteps": 16,
				"mustHitSection": true
			},
			{
				"sectionNotes": [
					[
						60000,
						3,
						0
					],
					[
						60250,
						2,
						0
					],
					[
						60416.6666666667,
						1,
						0
					],
					[
						60560.4166666667,
						2,
						0
					],
					[
						60693.75,
						1,
						0
					],
					[
						60833.3333333334,
						3,
						0
					],
					[
						60972.9166666667,
						0,
						0
					],
					[
						61106.25,
						2,
						0
					],
					[
						61250,
						1,
						0
					]
				],
				"lengthInSteps": 16,
				"mustHitSection": true
			},
			{
				"sectionNotes": [
					[
						61375,
						3,
						166.666666666667
					],
					[
						61666.6666666667,
						0,
						166.666666666667
					],
					[
						61950,
						1,
						166.666666666667
					],
					[
						62250,
						2,
						166.666666666667
					],
					[
						62500,
						4,
						0
					],
					[
						62583.3333333334,
						5,
						0
					],
					[
						62500,
						0,
						166.666666666667
					]
				],
				"lengthInSteps": 16,
				"mustHitSection": true
			},
			{
				"sectionNotes": [
					[
						62666.6666666667,
						2,
						0
					],
					[
						62797.9166666667,
						0,
						0
					],
					[
						62885.4166666667,
						1,
						0
					],
					[
						62964.5833333334,
						2,
						0
					],
					[
						63083.3333333334,
						0,
						0
					],
					[
						63166.6666666667,
						1,
						0
					],
					[
						63250,
						2,
						0
					],
					[
						63375,
						0,
						0
					],
					[
						63447.9166666667,
						1,
						0
					],
					[
						63533.3333333334,
						2,
						0
					],
					[
						63666.6666666667,
						3,
						0
					],
					[
						63729.1666666667,
						2,
						0
					],
					[
						63785.4166666667,
						1,
						0
					],
					[
						63833.3333333334,
						0,
						0
					],
					[
						63916.6666666667,
						3,
						0
					],
					[
						63966.6666666667,
						2,
						0
					],
					[
						62750,
						7,
						250
					],
					[
						63083.3333333334,
						4,
						166.666666666667
					],
					[
						63333.3333333334,
						6,
						166.666666666667
					],
					[
						63583.3333333334,
						4,
						166.666666666667
					],
					[
						63833.3333333334,
						6,
						166.666666666667
					]
				],
				"lengthInSteps": 16,
				"mustHitSection": false
			},
			{
				"sectionNotes": [
					[
						64083.3333333334,
						0,
						0
					],
					[
						64018.75,
						1,
						0
					],
					[
						64166.6666666667,
						3,
						0
					],
					[
						64225,
						2,
						0
					],
					[
						64306.25,
						1,
						0
					],
					[
						64379.1666666667,
						0,
						0
					],
					[
						64500,
						3,
						0
					],
					[
						64572.9166666667,
						2,
						0
					],
					[
						64641.6666666667,
						1,
						0
					],
					[
						64720.8333333334,
						0,
						0
					],
					[
						64791.6666666667,
						1,
						0
					],
					[
						64875,
						2,
						0
					],
					[
						65083.3333333334,
						0,
						0
					],
					[
						65000,
						3,
						0
					],
					[
						65166.6666666667,
						3,
						0
					],
					[
						65250,
						1,
						0
					],
					[
						64083.3333333334,
						4,
						250
					],
					[
						64416.6666666667,
						7,
						250
					],
					[
						64750,
						6,
						250
					],
					[
						65083.3333333334,
						4,
						166.666666666667
					]
				],
				"lengthInSteps": 16,
				"mustHitSection": false
			},
			{
				"sectionNotes": [
					[
						65333.3333333334,
						3,
						0
					],
					[
						65583.3333333334,
						1,
						0
					],
					[
						65416.6666666667,
						0,
						0
					],
					[
						65500,
						3,
						0
					],
					[
						65666.6666666667,
						3,
						0
					],
					[
						65750,
						0,
						0
					],
					[
						65833.3333333334,
						3,
						0
					],
					[
						65916.6666666667,
						1,
						0
					],
					[
						66000,
						2,
						0
					],
					[
						66083.3333333334,
						0,
						0
					],
					[
						66166.6666666667,
						2,
						0
					],
					[
						66250,
						1,
						0
					],
					[
						66333.3333333334,
						2,
						0
					],
					[
						66416.6666666667,
						0,
						0
					],
					[
						66500,
						2,
						0
					],
					[
						66583.3333333334,
						1,
						0
					],
					[
						65333.3333333334,
						6,
						166.666666666667
					],
					[
						65583.3333333334,
						7,
						166.666666666667
					],
					[
						65833.3333333334,
						6,
						250
					],
					[
						66166.6666666667,
						4,
						166.666666666667
					],
					[
						66416.6666666667,
						6,
						250
					]
				],
				"lengthInSteps": 16,
				"mustHitSection": false
			},
			{
				"sectionNotes": [
					[
						66666.6666666667,
						2,
						0
					],
					[
						66750,
						3,
						0
					],
					[
						66833.3333333334,
						0,
						0
					],
					[
						66916.6666666667,
						1,
						0
					],
					[
						67000,
						3,
						0
					],
					[
						67083.3333333334,
						2,
						0
					],
					[
						67179.1666666667,
						1,
						0
					],
					[
						67279.1666666667,
						3,
						0
					],
					[
						67387.5,
						0,
						0
					],
					[
						67500,
						1,
						0
					],
					[
						67583.3333333334,
						3,
						0
					],
					[
						67666.6666666667,
						0,
						0
					],
					[
						67750,
						1,
						0
					],
					[
						67833.3333333334,
						3,
						0
					],
					[
						67916.6666666667,
						2,
						0
					],
					[
						66750,
						7,
						250
					],
					[
						67083.3333333334,
						4,
						250
					],
					[
						67416.6666666667,
						6,
						250
					],
					[
						67750,
						4,
						166.666666666667
					]
				],
				"lengthInSteps": 16,
				"mustHitSection": false
			},
			{
				"sectionNotes": [
					[
						68000,
						1,
						0
					],
					[
						68083.3333333334,
						2,
						0
					],
					[
						68166.6666666667,
						3,
						0
					],
					[
						68250,
						0,
						0
					],
					[
						68333.3333333334,
						3,
						0
					],
					[
						68416.6666666667,
						1,
						0
					],
					[
						68500,
						2,
						0
					],
					[
						68583.3333333334,
						0,
						0
					],
					[
						68666.6666666667,
						2,
						0
					],
					[
						68750,
						0,
						0
					],
					[
						68833.3333333334,
						1,
						0
					],
					[
						68916.6666666667,
						2,
						0
					],
					[
						69000,
						3,
						0
					],
					[
						69083.3333333334,
						1,
						0
					],
					[
						69166.6666666667,
						2,
						0
					],
					[
						69250,
						0,
						0
					],
					[
						68000,
						6,
						250
					],
					[
						68333.3333333334,
						4,
						250
					],
					[
						68666.6666666667,
						7,
						250
					],
					[
						69000,
						6,
						250
					]
				],
				"lengthInSteps": 16,
				"mustHitSection": false
			},
			{
				"sectionNotes": [
					[
						69333.3333333334,
						3,
						0
					],
					[
						69583.3333333334,
						0,
						0
					],
					[
						69416.6666666667,
						2,
						0
					],
					[
						69500,
						1,
						0
					],
					[
						69666.6666666667,
						2,
						0
					],
					[
						69750,
						1,
						0
					],
					[
						69833.3333333334,
						3,
						0
					],
					[
						69916.6666666667,
						2,
						0
					],
					[
						70000,
						1,
						0
					],
					[
						70083.3333333334,
						3,
						0
					],
					[
						70166.6666666667,
						0,
						0
					],
					[
						70250,
						1,
						0
					],
					[
						70333.3333333334,
						2,
						0
					],
					[
						70416.6666666667,
						1,
						0
					],
					[
						70500,
						3,
						0
					],
					[
						70583.3333333334,
						2,
						0
					],
					[
						69333.3333333334,
						4,
						166.666666666667
					],
					[
						69583.3333333334,
						6,
						166.666666666667
					],
					[
						69833.3333333334,
						4,
						166.666666666667
					],
					[
						70083.3333333334,
						7,
						166.666666666667
					],
					[
						70333.3333333334,
						6,
						166.666666666667
					],
					[
						70583.3333333334,
						4,
						250
					]
				],
				"lengthInSteps": 16,
				"mustHitSection": false
			},
			{
				"sectionNotes": [
					[
						70666.6666666667,
						1,
						0
					],
					[
						70750,
						3,
						0
					],
					[
						70833.3333333334,
						2,
						0
					],
					[
						71166.6666666667,
						2,
						0
					],
					[
						71000,
						1,
						0
					],
					[
						71083.3333333334,
						0,
						0
					],
					[
						70916.6666666667,
						0,
						0
					],
					[
						71250,
						3,
						0
					],
					[
						71333.3333333334,
						2,
						0
					],
					[
						71416.6666666667,
						1,
						0
					],
					[
						71500,
						2,
						166.666666666667
					],
					[
						71750,
						1,
						166.666666666667
					],
					[
						71583.3333333334,
						7,
						0
					],
					[
						71500,
						5,
						0
					],
					[
						71666.6666666667,
						6,
						0
					],
					[
						71750,
						4,
						0
					],
					[
						71833.3333333334,
						7,
						0
					],
					[
						71916.6666666667,
						6,
						0
					],
					[
						70916.6666666667,
						6,
						166.666666666667
					],
					[
						71166.6666666667,
						7,
						166.666666666667
					]
				],
				"lengthInSteps": 16,
				"mustHitSection": false
			},
			{
				"sectionNotes": [
					[
						72000,
						0,
						0
					],
					[
						72083.3333333334,
						3,
						0
					],
					[
						72166.6666666667,
						2,
						0
					],
					[
						72250,
						0,
						0
					],
					[
						72333.3333333334,
						3,
						0
					],
					[
						72416.6666666667,
						1,
						0
					],
					[
						72500,
						2,
						0
					],
					[
						72583.3333333334,
						3,
						0
					],
					[
						72666.6666666667,
						0,
						0
					],
					[
						72750,
						2,
						0
					],
					[
						72833.3333333334,
						1,
						0
					],
					[
						72916.6666666667,
						0,
						0
					],
					[
						73000,
						2,
						0
					],
					[
						73083.3333333334,
						0,
						0
					],
					[
						73166.6666666667,
						2,
						0
					],
					[
						73250,
						0,
						0
					],
					[
						72000,
						4,
						250
					],
					[
						72333.3333333334,
						6,
						166.666666666667
					],
					[
						72583.3333333334,
						4,
						166.666666666667
					],
					[
						72833.3333333334,
						7,
						166.666666666667
					],
					[
						73083.3333333334,
						4,
						166.666666666667
					]
				],
				"lengthInSteps": 16,
				"mustHitSection": true
			},
			{
				"sectionNotes": [
					[
						73333.3333333334,
						2,
						0
					],
					[
						73416.6666666667,
						0,
						0
					],
					[
						73750,
						0,
						0
					],
					[
						73833.3333333334,
						3,
						0
					],
					[
						73916.6666666667,
						0,
						0
					],
					[
						74000,
						3,
						0
					],
					[
						74083.3333333334,
						0,
						0
					],
					[
						74166.6666666667,
						2,
						0
					],
					[
						74250,
						3,
						0
					],
					[
						74333.3333333334,
						0,
						0
					],
					[
						74416.6666666667,
						3,
						0
					],
					[
						74500,
						0,
						0
					],
					[
						74583.3333333334,
						3,
						0
					],
					[
						73500,
						2,
						0
					],
					[
						73583.3333333334,
						3,
						0
					],
					[
						73666.6666666667,
						1,
						0
					],
					[
						73333.3333333334,
						6,
						250
					],
					[
						73666.6666666667,
						4,
						250
					],
					[
						74000,
						6,
						250
					],
					[
						74333.3333333334,
						5,
						83.3333333333333
					],
					[
						74500,
						7,
						250
					]
				],
				"lengthInSteps": 16,
				"mustHitSection": true
			},
			{
				"sectionNotes": [
					[
						74666.6666666667,
						0,
						0
					],
					[
						74750,
						3,
						0
					],
					[
						74833.3333333334,
						2,
						0
					],
					[
						74916.6666666667,
						3,
						0
					],
					[
						75083.3333333334,
						2,
						0
					],
					[
						75166.6666666667,
						3,
						0
					],
					[
						75250,
						0,
						0
					],
					[
						75333.3333333334,
						2,
						0
					],
					[
						75416.6666666667,
						0,
						0
					],
					[
						75500,
						2,
						0
					],
					[
						75583.3333333334,
						3,
						0
					],
					[
						75666.6666666667,
						2,
						0
					],
					[
						75000,
						1,
						0
					],
					[
						75750,
						0,
						0
					],
					[
						75833.3333333334,
						1,
						0
					],
					[
						75916.6666666667,
						2,
						0
					],
					[
						74833.3333333334,
						6,
						166.666666666667
					],
					[
						75083.3333333334,
						4,
						250
					],
					[
						75416.6666666667,
						6,
						83.3333333333334
					],
					[
						75583.3333333334,
						7,
						250
					],
					[
						75916.6666666667,
						4,
						250
					]
				],
				"lengthInSteps": 16,
				"mustHitSection": true
			},
			{
				"sectionNotes": [
					[
						76000,
						0,
						0
					],
					[
						76083.3333333333,
						2,
						0
					],
					[
						76166.6666666667,
						0,
						0
					],
					[
						76250,
						3,
						0
					],
					[
						76333.3333333333,
						2,
						0
					],
					[
						76416.6666666667,
						0,
						0
					],
					[
						76500,
						3,
						0
					],
					[
						76583.3333333333,
						2,
						0
					],
					[
						76666.6666666667,
						0,
						0
					],
					[
						76750,
						3,
						0
					],
					[
						76833.3333333333,
						2,
						0
					],
					[
						77083.3333333333,
						2,
						0
					],
					[
						77000,
						0,
						0
					],
					[
						76916.6666666667,
						3,
						0
					],
					[
						77166.6666666667,
						0,
						0
					],
					[
						77250,
						2,
						0
					],
					[
						76250,
						5,
						166.666666666667
					],
					[
						76500,
						4,
						166.666666666667
					],
					[
						76750,
						6,
						166.666666666667
					],
					[
						77000,
						4,
						250
					]
				],
				"lengthInSteps": 16,
				"mustHitSection": true
			},
			{
				"sectionNotes": [
					[
						77333.3333333333,
						0,
						0
					],
					[
						77416.6666666667,
						2,
						0
					],
					[
						77500,
						0,
						0
					],
					[
						77583.3333333333,
						2,
						0
					],
					[
						77666.6666666667,
						0,
						0
					],
					[
						77750,
						2,
						0
					],
					[
						77833.3333333333,
						1,
						0
					],
					[
						77916.6666666667,
						2,
						0
					],
					[
						78000,
						1,
						0
					],
					[
						78083.3333333333,
						3,
						0
					],
					[
						78166.6666666667,
						0,
						0
					],
					[
						78250,
						3,
						0
					],
					[
						78416.6666666667,
						3,
						0
					],
					[
						78333.3333333333,
						1,
						0
					],
					[
						78500,
						0,
						0
					],
					[
						78583.3333333333,
						3,
						0
					],
					[
						77333.3333333333,
						6,
						166.666666666667
					],
					[
						77583.3333333333,
						7,
						166.666666666667
					],
					[
						77833.3333333333,
						4,
						250
					],
					[
						78166.6666666667,
						6,
						166.666666666667
					],
					[
						78416.6666666667,
						4,
						166.666666666667
					]
				],
				"lengthInSteps": 16,
				"mustHitSection": true
			},
			{
				"sectionNotes": [
					[
						78666.6666666667,
						1,
						0
					],
					[
						78750,
						3,
						0
					],
					[
						78833.3333333333,
						0,
						0
					],
					[
						78916.6666666667,
						3,
						0
					],
					[
						79000,
						0,
						0
					],
					[
						79083.3333333333,
						3,
						0
					],
					[
						79250,
						2,
						0
					],
					[
						79333.3333333333,
						3,
						0
					],
					[
						79416.6666666667,
						0,
						0
					],
					[
						79500,
						2,
						0
					],
					[
						79666.6666666667,
						0,
						0
					],
					[
						79166.6666666667,
						1,
						0
					],
					[
						79750,
						2,
						0
					],
					[
						79833.3333333333,
						3,
						0
					],
					[
						79916.6666666667,
						0,
						0
					],
					[
						78666.6666666667,
						6,
						166.666666666667
					],
					[
						78916.6666666667,
						7,
						250
					],
					[
						79250,
						6,
						250
					],
					[
						79583.3333333333,
						3,
						0
					],
					[
						79583.3333333333,
						4,
						166.666666666667
					],
					[
						79833.3333333333,
						6,
						166.666666666667
					]
				],
				"lengthInSteps": 16,
				"mustHitSection": true
			},
			{
				"sectionNotes": [
					[
						80166.6666666667,
						5,
						0
					],
					[
						80000,
						6,
						0
					],
					[
						80083.3333333333,
						7,
						0
					],
					[
						80083.3333333333,
						3,
						166.666666666667
					],
					[
						80333.3333333333,
						2,
						250
					],
					[
						80833.3333333333,
						2,
						333.333333333333
					]
				],
				"lengthInSteps": 16,
				"mustHitSection": false
			},
			{
				"sectionNotes": [
					[
						81500,
						1,
						250
					],
					[
						81916.6666666667,
						2,
						333.333333333333
					]
				],
				"lengthInSteps": 16,
				"mustHitSection": false
			},
			{
				"sectionNotes": [
					[
						82666.6666666667,
						3,
						333.333333333333
					],
					[
						83197.9166666667,
						2,
						333.333333333333
					],
					[
						83750,
						3,
						333.333333333333
					]
				],
				"lengthInSteps": 16,
				"mustHitSection": false
			},
			{
				"sectionNotes": [
					[
						84333.3333333333,
						2,
						333.333333333333
					],
					[
						85166.6666666667,
						0,
						166.666666666667
					],
					[
						84916.6666666667,
						0,
						166.666666666667
					]
				],
				"lengthInSteps": 16,
				"mustHitSection": false
			},
			{
				"sectionNotes": [
					[
						85416.6666666666,
						2,
						166.666666666667
					],
					[
						85666.6666666666,
						2,
						166.666666666667
					],
					[
						85916.6666666666,
						0,
						250
					],
					[
						86250,
						3,
						166.666666666667
					],
					[
						86500,
						2,
						166.666666666667
					]
				],
				"lengthInSteps": 16,
				"mustHitSection": false
			},
			{
				"lengthInSteps": 16,
				"typeOfSection": 0,
				"sectionNotes": [
					[
						86750,
						3,
						250
					],
					[
						87083.3333333333,
						1,
						166.666666666667
					],
					[
						87375,
						3,
						208.333333333333
					],
					[
						87666.6666666666,
						1,
						166.666666666667
					],
					[
						87916.6666666666,
						3,
						250
					]
				],
				"altAnim": false,
				"gfSection": false,
				"bpm": 180,
				"changeBPM": false,
				"mustHitSection": false
			},
			{
				"sectionNotes": [
					[
						88250,
						2,
						166.666666666667
					],
					[
						88500,
						0,
						166.666666666667
					],
					[
						88750,
						3,
						250
					],
					[
						89083.3333333333,
						1,
						166.666666666667
					]
				],
				"typeOfSection": 0,
				"lengthInSteps": 16,
				"gfSection": false,
				"altAnim": false,
				"mustHitSection": false,
				"changeBPM": false,
				"bpm": 180
			},
			{
				"sectionNotes": [
					[
						89333.3333333333,
						2,
						250
					],
					[
						89750,
						2,
						333.333333333333
					]
				],
				"typeOfSection": 0,
				"lengthInSteps": 16,
				"gfSection": false,
				"altAnim": false,
				"mustHitSection": true,
				"changeBPM": false,
				"bpm": 180
			},
			{
				"lengthInSteps": 16,
				"altAnim": false,
				"typeOfSection": 0,
				"sectionNotes": [],
				"bpm": 180,
				"changeBPM": false,
				"mustHitSection": true
			},
			{
				"lengthInSteps": 16,
				"altAnim": false,
				"typeOfSection": 0,
				"sectionNotes": [],
				"bpm": 180,
				"changeBPM": false,
				"mustHitSection": true
			}
		],
		"player2": "snartle",
		"player3": "gf-invis",
		"song": "for-naughty-brats",
		"stage": "snorkle",
		"validScore": true,
		"needsVoices": true,
		"bpm": 180,
		"speed": 3.7
	}
}