{
	"song": {
		"player1": "bf-behind",
		"player2": "snartle",
		"notes": [
			{
				"lengthInSteps": 16,
				"sectionNotes": [],
				"mustHitSection": false
			},
			{
				"lengthInSteps": 16,
				"sectionNotes": [],
				"mustHitSection": false
			},
			{
				"lengthInSteps": 16,
				"sectionNotes": [],
				"mustHitSection": false
			},
			{
				"lengthInSteps": 16,
				"sectionNotes": [],
				"mustHitSection": false
			},
			{
				"lengthInSteps": 16,
				"sectionNotes": [],
				"mustHitSection": true
			},
			{
				"lengthInSteps": 16,
				"sectionNotes": [],
				"mustHitSection": true
			},
			{
				"lengthInSteps": 16,
				"sectionNotes": [],
				"mustHitSection": true
			},
			{
				"lengthInSteps": 16,
				"sectionNotes": [
					[
						8928.57142857143,
						2,
						0
					]
				],
				"mustHitSection": false
			},
			{
				"lengthInSteps": 16,
				"sectionNotes": [
					[
						9214.28571428571,
						0,
						0
					],
					[
						9428.57142857143,
						0,
						0
					],
					[
						9571.42857142857,
						2,
						0
					],
					[
						9714.28571428571,
						0,
						0
					],
					[
						9857.14285714286,
						2,
						0
					],
					[
						10000,
						2,
						0
					],
					[
						10071.4285714286,
						0,
						0
					],
					[
						10142.8571428571,
						1,
						0
					],
					[
						10214.2857142857,
						3,
						0
					]
				],
				"mustHitSection": false
			},
			{
				"lengthInSteps": 16,
				"sectionNotes": [
					[
						10285.7142857143,
						0,
						0
					],
					[
						10357.1428571429,
						1,
						0
					],
					[
						10500,
						1,
						0
					],
					[
						10607.1428571429,
						2,
						71.4285714285714
					],
					[
						10750,
						2,
						71.4285714285714
					],
					[
						10892.8571428571,
						2,
						29.7619047619048
					],
					[
						11107.1428571429,
						2,
						0
					],
					[
						11178.5714285714,
						3,
						142.857142857143
					],
					[
						11035.7142857143,
						3,
						0
					]
				],
				"mustHitSection": false
			},
			{
				"lengthInSteps": 16,
				"sectionNotes": [
					[
						11428.5714285714,
						2,
						285.714285714286
					],
					[
						11785.7142857143,
						0,
						142.857142857143
					],
					[
						12000,
						2,
						285.714285714286
					],
					[
						12357.1428571429,
						3,
						142.857142857143
					]
				],
				"mustHitSection": false
			},
			{
				"lengthInSteps": 16,
				"sectionNotes": [
					[
						12571.4285714286,
						0,
						214.285714285714
					],
					[
						12857.1428571429,
						1,
						214.285714285714
					],
					[
						13142.8571428571,
						2,
						184.523809523809
					],
					[
						13392.8571428571,
						6,
						214.285714285714
					]
				],
				"mustHitSection": false
			},
			{
				"lengthInSteps": 16,
				"sectionNotes": [
					[
						13714.2857142857,
						0,
						0
					],
					[
						13821.4285714286,
						3,
						0
					],
					[
						13964.2857142857,
						2,
						0
					],
					[
						14107.1428571429,
						3,
						0
					],
					[
						14250,
						2,
						0
					],
					[
						14357.1428571429,
						2,
						0
					],
					[
						14464.2857142857,
						2,
						0
					],
					[
						14535.7142857143,
						1,
						0
					],
					[
						14607.1428571429,
						0,
						0
					],
					[
						14642.8571428571,
						3,
						0
					],
					[
						14714.2857142857,
						2,
						0
					],
					[
						14785.7142857143,
						1,
						0
					]
				],
				"mustHitSection": true
			},
			{
				"lengthInSteps": 16,
				"sectionNotes": [
					[
						14928.5714285714,
						1,
						0
					],
					[
						15071.4285714286,
						2,
						0
					],
					[
						15250,
						2,
						0
					],
					[
						15357.1428571429,
						2,
						0
					],
					[
						15428.5714285714,
						3,
						0
					],
					[
						15500,
						3,
						0
					],
					[
						15642.8571428571,
						2,
						214.285714285714
					],
					[
						15928.5714285714,
						3,
						250
					]
				],
				"mustHitSection": true
			},
			{
				"lengthInSteps": 16,
				"sectionNotes": [
					[
						16214.2857142857,
						0,
						142.857142857143
					],
					[
						16464.2857142857,
						2,
						214.285714285714
					],
					[
						16750,
						3,
						214.285714285714
					],
					[
						17035.7142857143,
						0,
						214.285714285714
					]
				],
				"mustHitSection": true
			},
			{
				"lengthInSteps": 16,
				"sectionNotes": [
					[
						17321.4285714286,
						1,
						214.285714285714
					],
					[
						17607.1428571429,
						2,
						214.285714285714
					],
					[
						17857.1428571429,
						5,
						214.285714285714
					],
					[
						18142.8571428571,
						6,
						214.285714285714
					]
				],
				"mustHitSection": true
			},
			{
				"lengthInSteps": 16,
				"sectionNotes": [
					[
						18428.5714285714,
						0,
						0
					],
					[
						18571.4285714286,
						1,
						0
					],
					[
						18714.2857142857,
						2,
						0
					],
					[
						18857.1428571429,
						2,
						0
					],
					[
						19000,
						1,
						71.4285714285714
					],
					[
						19142.8571428571,
						2,
						71.4285714285714
					],
					[
						19285.7142857143,
						1,
						0
					]
				],
				"mustHitSection": false
			},
			{
				"lengthInSteps": 16,
				"sectionNotes": [
					[
						19428.5714285714,
						3,
						0
					],
					[
						19571.4285714286,
						2,
						0
					],
					[
						19678.5714285714,
						1,
						0
					],
					[
						19785.7142857143,
						1,
						0
					],
					[
						19928.5714285714,
						1,
						0
					],
					[
						19964.2857142857,
						2,
						0
					],
					[
						20107.1428571429,
						3,
						214.285714285714
					],
					[
						20392.8571428571,
						2,
						214.285714285714
					]
				],
				"mustHitSection": false
			},
			{
				"lengthInSteps": 16,
				"sectionNotes": [
					[
						20678.5714285714,
						0,
						214.285714285714
					],
					[
						20964.2857142857,
						2,
						214.285714285714
					],
					[
						21250,
						3,
						0
					],
					[
						21357.1428571429,
						0,
						0
					],
					[
						21500,
						2,
						0
					],
					[
						21642.8571428571,
						3,
						0
					]
				],
				"mustHitSection": false
			},
			{
				"lengthInSteps": 16,
				"sectionNotes": [
					[
						21785.7142857143,
						1,
						0
					],
					[
						21928.5714285714,
						1,
						0
					],
					[
						22071.4285714286,
						2,
						0
					],
					[
						22214.2857142857,
						2,
						0
					],
					[
						22357.1428571429,
						7,
						142.857142857143
					],
					[
						22607.1428571429,
						6,
						0
					],
					[
						22750,
						6,
						0
					]
				],
				"mustHitSection": false
			},
			{
				"lengthInSteps": 16,
				"sectionNotes": [
					[
						22892.8571428571,
						3,
						0
					],
					[
						23035.7142857143,
						1,
						0
					],
					[
						23178.5714285714,
						2,
						0
					],
					[
						23321.4285714286,
						2,
						0
					],
					[
						23464.2857142857,
						3,
						0
					],
					[
						23571.4285714286,
						2,
						0
					],
					[
						23750,
						0,
						0
					],
					[
						23857.1428571429,
						2,
						0
					]
				],
				"mustHitSection": true
			},
			{
				"lengthInSteps": 16,
				"sectionNotes": [
					[
						24035.7142857143,
						3,
						0
					],
					[
						24142.8571428571,
						1,
						214.285714285714
					],
					[
						24428.5714285714,
						2,
						71.4285714285714
					],
					[
						24571.4285714286,
						3,
						214.285714285714
					],
					[
						24857.1428571429,
						2,
						0
					],
					[
						25000,
						2,
						0
					]
				],
				"mustHitSection": true
			},
			{
				"lengthInSteps": 16,
				"sectionNotes": [
					[
						25142.8571428571,
						3,
						142.857142857143
					],
					[
						25392.8571428571,
						3,
						0
					],
					[
						25464.2857142857,
						2,
						142.857142857143
					],
					[
						25678.5714285714,
						3,
						0
					],
					[
						25821.4285714286,
						0,
						0
					],
					[
						25964.2857142857,
						3,
						0
					],
					[
						26107.1428571428,
						0,
						0
					],
					[
						26250,
						1,
						0
					]
				],
				"mustHitSection": true
			},
			{
				"lengthInSteps": 16,
				"sectionNotes": [
					[
						26392.8571428571,
						5,
						0
					],
					[
						26535.7142857143,
						6,
						0
					],
					[
						26678.5714285714,
						6,
						0
					],
					[
						26785.7142857143,
						1,
						571.428571428571
					]
				],
				"mustHitSection": false
			},
			{
				"lengthInSteps": 16,
				"sectionNotes": [
					[
						27428.5714285714,
						1,
						428.571428571429
					],
					[
						27928.5714285714,
						3,
						0
					],
					[
						28071.4285714286,
						1,
						0
					],
					[
						28214.2857142857,
						0,
						0
					],
					[
						28357.1428571428,
						1,
						0
					],
					[
						28500,
						3,
						0
					]
				],
				"mustHitSection": false
			},
			{
				"lengthInSteps": 16,
				"sectionNotes": [
					[
						28642.8571428571,
						3,
						0
					],
					[
						28928.5714285714,
						3,
						0
					],
					[
						29071.4285714286,
						2,
						0
					],
					[
						29214.2857142857,
						0,
						0
					],
					[
						29357.1428571428,
						1,
						0
					],
					[
						28857.1428571428,
						1,
						0
					],
					[
						29428.5714285714,
						3,
						0
					],
					[
						29571.4285714286,
						0,
						0
					]
				],
				"mustHitSection": false
			},
			{
				"lengthInSteps": 16,
				"sectionNotes": [
					[
						29714.2857142857,
						2,
						0
					],
					[
						29857.1428571428,
						1,
						0
					],
					[
						30000,
						3,
						0
					],
					[
						30142.8571428571,
						1,
						214.285714285714
					],
					[
						30428.5714285714,
						3,
						214.285714285714
					],
					[
						30714.2857142857,
						1,
						214.285714285714
					]
				],
				"mustHitSection": false
			},
			{
				"lengthInSteps": 16,
				"sectionNotes": [
					[
						31000,
						6,
						214.285714285714
					],
					[
						31285.7142857143,
						0,
						428.571428571429
					],
					[
						31785.7142857143,
						0,
						500
					]
				],
				"mustHitSection": true
			},
			{
				"lengthInSteps": 16,
				"sectionNotes": [
					[
						32357.1428571428,
						3,
						0
					],
					[
						32500,
						1,
						0
					],
					[
						32642.8571428571,
						2,
						0
					],
					[
						32785.7142857143,
						1,
						0
					],
					[
						32928.5714285714,
						3,
						142.857142857143
					]
				],
				"mustHitSection": true
			},
			{
				"lengthInSteps": 16,
				"sectionNotes": [
					[
						33142.8571428571,
						1,
						142.857142857143
					],
					[
						33357.1428571428,
						3,
						0
					],
					[
						33500,
						1,
						0
					],
					[
						33642.8571428571,
						2,
						0
					],
					[
						33785.7142857143,
						1,
						0
					],
					[
						33928.5714285714,
						2,
						0
					],
					[
						34071.4285714286,
						1,
						0
					],
					[
						34214.2857142857,
						0,
						0
					]
				],
				"mustHitSection": true
			},
			{
				"lengthInSteps": 16,
				"sectionNotes": [
					[
						34357.1428571428,
						1,
						0
					],
					[
						34500,
						3,
						0
					],
					[
						34571.4285714286,
						1,
						214.285714285714
					],
					[
						34857.1428571428,
						3,
						285.714285714286
					],
					[
						35214.2857142857,
						1,
						142.857142857143
					]
				],
				"mustHitSection": true
			},
			{
				"lengthInSteps": 16,
				"sectionNotes": [
					[
						35428.5714285714,
						6,
						214.285714285714
					],
					[
						35714.2857142857,
						0,
						0
					],
					[
						35857.1428571428,
						3,
						0
					],
					[
						36000,
						2,
						0
					],
					[
						36142.8571428571,
						3,
						0
					],
					[
						36285.7142857143,
						0,
						214.285714285714
					]
				],
				"mustHitSection": false
			},
			{
				"lengthInSteps": 16,
				"sectionNotes": [
					[
						36571.4285714286,
						3,
						214.285714285714
					],
					[
						36857.1428571428,
						0,
						214.285714285714
					],
					[
						37142.8571428571,
						1,
						214.285714285714
					],
					[
						37428.5714285714,
						3,
						214.285714285714
					]
				],
				"mustHitSection": false
			},
			{
				"lengthInSteps": 16,
				"sectionNotes": [
					[
						37714.2857142857,
						1,
						214.285714285714
					],
					[
						38000,
						2,
						214.285714285714
					],
					[
						38285.7142857143,
						3,
						142.857142857143
					],
					[
						38500,
						1,
						285.714285714286
					]
				],
				"mustHitSection": false
			},
			{
				"lengthInSteps": 16,
				"sectionNotes": [
					[
						38857.1428571428,
						2,
						142.857142857143
					],
					[
						39071.4285714286,
						3,
						214.285714285714
					],
					[
						39642.8571428571,
						3,
						285.714285714286
					],
					[
						39357.1428571428,
						0,
						214.285714285714
					]
				],
				"mustHitSection": false
			},
			{
				"lengthInSteps": 16,
				"sectionNotes": [
					[
						40000,
						5,
						142.857142857143
					],
					[
						40214.2857142857,
						2,
						0
					],
					[
						40357.1428571428,
						3,
						0
					],
					[
						40500,
						0,
						0
					],
					[
						40642.8571428571,
						3,
						0
					],
					[
						40785.7142857143,
						2,
						214.285714285714
					],
					[
						41071.4285714286,
						3,
						214.285714285714
					]
				],
				"mustHitSection": true
			},
			{
				"lengthInSteps": 16,
				"sectionNotes": [
					[
						41571.4285714286,
						1,
						214.285714285714
					],
					[
						41357.1428571429,
						0,
						142.857142857143
					],
					[
						41857.1428571429,
						3,
						214.285714285714
					],
					[
						42142.8571428571,
						0,
						214.285714285714
					]
				],
				"mustHitSection": true
			},
			{
				"lengthInSteps": 16,
				"sectionNotes": [
					[
						42428.5714285714,
						2,
						214.285714285714
					],
					[
						42714.2857142857,
						3,
						214.285714285714
					],
					[
						43000,
						0,
						214.285714285714
					],
					[
						43285.7142857143,
						2,
						142.857142857143
					]
				],
				"mustHitSection": true
			},
			{
				"lengthInSteps": 16,
				"sectionNotes": [
					[
						43523.2142857143,
						3,
						214.285714285714
					],
					[
						43857.1428571429,
						2,
						214.285714285714
					],
					[
						44142.8571428571,
						3,
						142.857142857143
					],
					[
						44357.1428571429,
						0,
						214.285714285714
					]
				],
				"mustHitSection": true
			},
			{
				"lengthInSteps": 16,
				"sectionNotes": [
					[
						44714.2857142857,
						2,
						0
					],
					[
						45000,
						2,
						0
					],
					[
						45285.7142857143,
						0,
						0
					],
					[
						45571.4285714286,
						0,
						0
					]
				],
				"mustHitSection": false
			},
			{
				"lengthInSteps": 16,
				"sectionNotes": [
					[
						45785.7142857143,
						1,
						0
					],
					[
						45928.5714285714,
						3,
						0
					],
					[
						46071.4285714286,
						2,
						0
					],
					[
						46214.2857142857,
						3,
						0
					],
					[
						46428.5714285714,
						2,
						0
					],
					[
						46642.8571428571,
						2,
						0
					]
				],
				"mustHitSection": false
			},
			{
				"lengthInSteps": 16,
				"sectionNotes": [
					[
						46928.5714285714,
						3,
						0
					],
					[
						47214.2857142857,
						2,
						0
					],
					[
						47500,
						3,
						0
					],
					[
						47785.7142857143,
						2,
						0
					]
				],
				"mustHitSection": false
			},
			{
				"lengthInSteps": 16,
				"sectionNotes": [
					[
						48000,
						2,
						0
					],
					[
						48142.8571428572,
						0,
						0
					],
					[
						48285.7142857143,
						3,
						0
					],
					[
						48500,
						2,
						0
					],
					[
						48642.8571428572,
						0,
						0
					],
					[
						48928.5714285714,
						3,
						0
					],
					[
						49071.4285714286,
						3,
						0
					],
					[
						48785.7142857143,
						2,
						0
					]
				],
				"mustHitSection": false
			},
			{
				"lengthInSteps": 16,
				"sectionNotes": [
					[
						49142.8571428572,
						0,
						0
					],
					[
						49428.5714285714,
						0,
						0
					],
					[
						49714.2857142857,
						2,
						0
					],
					[
						50000,
						2,
						0
					]
				],
				"mustHitSection": true
			},
			{
				"lengthInSteps": 16,
				"sectionNotes": [
					[
						50285.7142857143,
						1,
						0
					],
					[
						50428.5714285714,
						3,
						0
					],
					[
						50571.4285714286,
						2,
						0
					],
					[
						50714.2857142857,
						3,
						0
					],
					[
						50857.1428571429,
						0,
						0
					],
					[
						51142.8571428572,
						0,
						0
					]
				],
				"mustHitSection": true
			},
			{
				"lengthInSteps": 16,
				"sectionNotes": [
					[
						51428.5714285714,
						3,
						0
					],
					[
						51642.8571428572,
						2,
						0
					],
					[
						51928.5714285714,
						3,
						0
					],
					[
						52214.2857142857,
						2,
						0
					],
					[
						52500,
						2,
						0
					]
				],
				"mustHitSection": true
			},
			{
				"lengthInSteps": 16,
				"sectionNotes": [
					[
						52642.8571428572,
						0,
						0
					],
					[
						52785.7142857143,
						3,
						0
					],
					[
						52928.5714285714,
						2,
						0
					],
					[
						53071.4285714286,
						0,
						0
					],
					[
						53214.2857142857,
						2,
						0
					],
					[
						53357.1428571429,
						3,
						0
					],
					[
						53500,
						3,
						0
					],
					[
						53642.8571428572,
						6,
						142.857142857143
					]
				],
				"mustHitSection": true
			},
			{
				"lengthInSteps": 16,
				"sectionNotes": [
					[
						53857.1428571429,
						2,
						142.857142857143
					],
					[
						54142.8571428572,
						3,
						142.857142857143
					],
					[
						54357.1428571429,
						3,
						142.857142857143
					],
					[
						54642.8571428572,
						1,
						142.857142857143
					]
				],
				"mustHitSection": false
			},
			{
				"lengthInSteps": 16,
				"sectionNotes": [
					[
						54857.1428571429,
						1,
						214.285714285714
					],
					[
						55142.8571428572,
						1,
						71.4285714285714
					],
					[
						55285.7142857143,
						0,
						214.285714285714
					],
					[
						55571.4285714286,
						0,
						214.285714285714
					],
					[
						55857.1428571429,
						2,
						0
					]
				],
				"mustHitSection": false
			},
			{
				"lengthInSteps": 16,
				"sectionNotes": [
					[
						56000,
						0,
						0
					],
					[
						56285.7142857143,
						0,
						0
					],
					[
						56142.8571428572,
						2,
						0
					],
					[
						56428.5714285714,
						1,
						0
					],
					[
						56571.4285714286,
						3,
						0
					],
					[
						56714.2857142857,
						2,
						0
					],
					[
						56857.1428571429,
						3,
						0
					],
					[
						57000,
						2,
						0
					]
				],
				"mustHitSection": false
			},
			{
				"lengthInSteps": 16,
				"sectionNotes": [
					[
						57214.2857142857,
						3,
						214.285714285714
					],
					[
						57500,
						2,
						214.285714285714
					],
					[
						57785.7142857143,
						1,
						214.285714285714
					],
					[
						58071.4285714286,
						6,
						214.285714285714
					]
				],
				"mustHitSection": false
			},
			{
				"lengthInSteps": 16,
				"sectionNotes": [
					[
						58357.1428571429,
						2,
						214.285714285714
					],
					[
						58642.8571428572,
						3,
						214.285714285714
					],
					[
						58928.5714285715,
						3,
						214.285714285714
					],
					[
						59214.2857142857,
						1,
						142.857142857143
					]
				],
				"mustHitSection": true
			},
			{
				"lengthInSteps": 16,
				"sectionNotes": [
					[
						59428.5714285715,
						1,
						214.285714285714
					],
					[
						59714.2857142857,
						1,
						214.285714285714
					],
					[
						60000,
						1,
						214.285714285714
					],
					[
						60285.7142857143,
						2,
						0
					],
					[
						60428.5714285715,
						0,
						0
					]
				],
				"mustHitSection": true
			},
			{
				"lengthInSteps": 16,
				"sectionNotes": [
					[
						60571.4285714286,
						2,
						0
					],
					[
						60714.2857142857,
						0,
						0
					],
					[
						60857.1428571429,
						2,
						0
					],
					[
						61000,
						3,
						0
					],
					[
						61142.8571428572,
						2,
						0
					],
					[
						61285.7142857143,
						3,
						0
					],
					[
						61428.5714285715,
						2,
						214.285714285714
					]
				],
				"mustHitSection": true
			},
			{
				"lengthInSteps": 16,
				"sectionNotes": [
					[
						61714.2857142857,
						7,
						214.285714285714
					],
					[
						62000,
						6,
						214.285714285714
					],
					[
						62285.7142857143,
						4,
						214.285714285714
					],
					[
						62571.4285714286,
						3,
						0
					],
					[
						62642.8571428572,
						2,
						0
					],
					[
						62714.2857142857,
						1,
						0
					],
					[
						62500,
						-1,
						"Change Camera Zoom",
						"1.0",
						"0.7"
					]
				],
				"mustHitSection": false
			},
			{
				"lengthInSteps": 16,
				"sectionNotes": [
					[
						62857.1428571429,
						3,
						0
					],
					[
						62928.5714285715,
						0,
						0
					],
					[
						63071.4285714286,
						3,
						0
					],
					[
						63142.8571428572,
						2,
						0
					],
					[
						63253.5714285715,
						1,
						0
					],
					[
						63028.5714285715,
						1,
						0
					],
					[
						63357.1428571429,
						3,
						0
					],
					[
						63500,
						1,
						0
					],
					[
						63428.5714285715,
						0,
						0
					],
					[
						63571.4285714286,
						3,
						0
					],
					[
						63642.8571428572,
						1,
						0
					],
					[
						63714.2857142857,
						2,
						0
					],
					[
						63785.7142857143,
						0,
						0
					],
					[
						63857.1428571429,
						2,
						0
					],
					[
						63928.5714285715,
						3,
						0
					]
				],
				"mustHitSection": false
			},
			{
				"lengthInSteps": 16,
				"sectionNotes": [
					[
						64000,
						1,
						0
					],
					[
						64071.4285714286,
						2,
						0
					],
					[
						64142.8571428572,
						0,
						0
					],
					[
						64214.2857142858,
						1,
						0
					],
					[
						64285.7142857143,
						3,
						0
					],
					[
						64357.1428571429,
						2,
						0
					],
					[
						64428.5714285715,
						3,
						0
					],
					[
						64500,
						0,
						0
					],
					[
						64714.2857142858,
						2,
						0
					],
					[
						64642.8571428572,
						1,
						0
					],
					[
						64785.7142857143,
						3,
						0
					],
					[
						64857.1428571429,
						0,
						0
					],
					[
						64928.5714285715,
						3,
						0
					],
					[
						65071.4285714286,
						3,
						0
					],
					[
						65000,
						1,
						0
					]
				],
				"mustHitSection": false
			},
			{
				"lengthInSteps": 16,
				"sectionNotes": [
					[
						65214.2857142858,
						0,
						0
					],
					[
						65285.7142857143,
						1,
						0
					],
					[
						65357.1428571429,
						3,
						0
					],
					[
						65428.5714285715,
						0,
						0
					],
					[
						65500,
						3,
						0
					],
					[
						65571.4285714286,
						1,
						0
					],
					[
						65642.8571428572,
						3,
						0
					],
					[
						65714.2857142858,
						2,
						0
					],
					[
						65785.7142857143,
						1,
						0
					],
					[
						65857.1428571429,
						3,
						0
					],
					[
						65928.5714285715,
						1,
						0
					],
					[
						66000,
						2,
						0
					],
					[
						66071.4285714286,
						3,
						0
					],
					[
						66142.8571428572,
						0,
						0
					],
					[
						66214.2857142858,
						1,
						0
					]
				],
				"mustHitSection": false
			},
			{
				"lengthInSteps": 16,
				"sectionNotes": [],
				"mustHitSection": false
			},
			{
				"lengthInSteps": 16,
				"sectionNotes": [],
				"mustHitSection": false
			},
			{
				"lengthInSteps": 16,
				"sectionNotes": [],
				"mustHitSection": true
			},
			{
				"lengthInSteps": 16,
				"sectionNotes": [],
				"mustHitSection": true
			},
			{
				"lengthInSteps": 16,
				"sectionNotes": [],
				"mustHitSection": true
			},
			{
				"lengthInSteps": 16,
				"sectionNotes": [],
				"mustHitSection": true
			},
			{
				"lengthInSteps": 16,
				"sectionNotes": [],
				"mustHitSection": false
			},
			{
				"lengthInSteps": 16,
				"sectionNotes": [],
				"mustHitSection": false
			},
			{
				"lengthInSteps": 16,
				"sectionNotes": [],
				"mustHitSection": true
			},
			{
				"lengthInSteps": 16,
				"sectionNotes": [],
				"mustHitSection": true
			},
			{
				"lengthInSteps": 16,
				"sectionNotes": [],
				"mustHitSection": false
			},
			{
				"lengthInSteps": 16,
				"sectionNotes": [],
				"mustHitSection": false
			},
			{
				"lengthInSteps": 16,
				"sectionNotes": [],
				"mustHitSection": true
			},
			{
				"lengthInSteps": 16,
				"sectionNotes": [],
				"mustHitSection": true
			},
			{
				"lengthInSteps": 16,
				"sectionNotes": [],
				"mustHitSection": false
			},
			{
				"lengthInSteps": 16,
				"sectionNotes": [],
				"mustHitSection": false
			},
			{
				"lengthInSteps": 16,
				"sectionNotes": [],
				"mustHitSection": false
			},
			{
				"lengthInSteps": 16,
				"sectionNotes": [],
				"mustHitSection": false
			},
			{
				"lengthInSteps": 16,
				"sectionNotes": [],
				"mustHitSection": true
			},
			{
				"lengthInSteps": 16,
				"sectionNotes": [],
				"mustHitSection": true
			},
			{
				"lengthInSteps": 16,
				"sectionNotes": [],
				"mustHitSection": true
			},
			{
				"lengthInSteps": 16,
				"sectionNotes": [],
				"mustHitSection": true
			},
			{
				"lengthInSteps": 16,
				"sectionNotes": [],
				"mustHitSection": true
			},
			{
				"sectionNotes": [],
				"typeOfSection": 0,
				"lengthInSteps": 16,
				"altAnim": false,
				"mustHitSection": true,
				"changeBPM": false,
				"bpm": 180
			},
			{
				"sectionNotes": [],
				"typeOfSection": 0,
				"lengthInSteps": 16,
				"altAnim": false,
				"mustHitSection": true,
				"changeBPM": false,
				"bpm": 180
			},
			{
				"lengthInSteps": 16,
				"typeOfSection": 0,
				"sectionNotes": [],
				"altAnim": false,
				"bpm": 180,
				"changeBPM": false,
				"mustHitSection": true
			},
			{
				"lengthInSteps": 16,
				"typeOfSection": 0,
				"sectionNotes": [],
				"altAnim": false,
				"bpm": 210,
				"changeBPM": false,
				"mustHitSection": true
			},
			{
				"lengthInSteps": 16,
				"typeOfSection": 0,
				"sectionNotes": [],
				"altAnim": false,
				"bpm": 210,
				"changeBPM": false,
				"mustHitSection": true
			},
			{
				"lengthInSteps": 16,
				"typeOfSection": 0,
				"sectionNotes": [],
				"altAnim": false,
				"bpm": 210,
				"changeBPM": false,
				"mustHitSection": true
			},
			{
				"lengthInSteps": 16,
				"typeOfSection": 0,
				"sectionNotes": [],
				"altAnim": false,
				"bpm": 210,
				"changeBPM": false,
				"mustHitSection": true
			},
			{
				"lengthInSteps": 16,
				"typeOfSection": 0,
				"sectionNotes": [],
				"altAnim": false,
				"bpm": 210,
				"changeBPM": false,
				"mustHitSection": true
			},
			{
				"lengthInSteps": 16,
				"typeOfSection": 0,
				"sectionNotes": [],
				"altAnim": false,
				"bpm": 210,
				"changeBPM": false,
				"mustHitSection": true
			},
			{
				"sectionNotes": [],
				"typeOfSection": 0,
				"lengthInSteps": 16,
				"altAnim": false,
				"mustHitSection": true,
				"changeBPM": false,
				"bpm": 210
			},
			{
				"lengthInSteps": 16,
				"altAnim": false,
				"typeOfSection": 0,
				"sectionNotes": [],
				"bpm": 210,
				"changeBPM": false,
				"mustHitSection": true
			},
			{
				"lengthInSteps": 16,
				"altAnim": false,
				"typeOfSection": 0,
				"sectionNotes": [],
				"bpm": 210,
				"changeBPM": false,
				"mustHitSection": true
			},
			{
				"lengthInSteps": 16,
				"altAnim": false,
				"typeOfSection": 0,
				"sectionNotes": [],
				"bpm": 210,
				"changeBPM": false,
				"mustHitSection": true
			}
		],
		"player3": "gf-invis",
		"song": "for-naughty-brats",
		"stage": "snorkle",
		"needsVoices": true,
		"validScore": true,
		"speed": 3.6,
		"bpm": 210
	}
}